{
  "CGPA": 8.598924999999998,
  "SOP": 3.4,
  "Serial No.": 200.5,
  "Chance of Admit ": 0.7243499999999996,
  "Research": 0.5475,
  "GRE Score": 316.8075,
  "University Rating": 3.0875,
  "LOR ": 3.4525,
  "TOEFL Score": 107.41
}